level	page_num	block_num	par_num	line_num	word_num	left	top	width	height	conf	text
1	1	0	0	0	0	0	0	978	1446	-1	
2	1	1	0	0	0	144	153	668	47	-1	
3	1	1	1	0	0	144	153	668	47	-1	
4	1	1	1	1	0	144	153	668	47	-1	
5	1	1	1	1	1	776	161	36	26	66.497643	4
5	1	1	1	1	2	209	153	72	46	90.472984	الأربعين
5	1	1	1	1	3	144	162	57	38	91.332787	النووية
2	1	2	0	0	0	360	231	456	52	-1	
3	1	2	1	0	0	360	231	456	52	-1	
4	1	2	1	1	0	360	231	456	52	-1	
5	1	2	1	1	1	737	232	79	46	70.301270	[حدثٌ
5	1	2	1	1	2	673	235	56	43	64.162704	حَسَنٌ
5	1	2	1	1	3	620	237	38	41	15.484459	رَوَاهُ
5	1	2	1	1	4	514	234	93	49	8.561241	الَارفْطَنِيُ
5	1	2	1	1	5	435	237	66	41	5.799561	وغَينةُ]
5	1	2	1	1	6	385	231	32	22	52.505829	)0
5	1	2	1	1	7	360	261	5	5	18.003845	.
2	1	3	0	0	0	657	294	3	99	-1	
3	1	3	1	0	0	657	294	3	99	-1	
4	1	3	1	1	0	657	294	3	99	-1	
5	1	3	1	1	1	657	294	3	99	95.000000	 
2	1	4	0	0	0	309	303	2	81	-1	
3	1	4	1	0	0	309	303	2	81	-1	
4	1	4	1	1	0	309	303	2	81	-1	
5	1	4	1	1	1	309	303	2	81	95.000000	 
2	1	5	0	0	0	299	294	3	99	-1	
3	1	5	1	0	0	299	294	3	99	-1	
4	1	5	1	1	0	299	294	3	99	-1	
5	1	5	1	1	1	299	294	3	99	95.000000	 
2	1	6	0	0	0	147	460	672	253	-1	
3	1	6	1	0	0	147	460	669	253	-1	
4	1	6	1	1	0	147	460	668	112	-1	
5	1	6	1	1	1	705	461	110	111	8.509888	النيدي
5	1	6	1	1	2	596	493	96	72	0.000000	ضي
5	1	6	1	1	3	536	464	39	99	62.103809	له
5	1	6	1	1	4	467	460	53	108	75.647697	على
5	1	6	1	1	5	406	465	42	81	65.127060	عن
5	1	6	1	1	6	373	500	12	3	79.816528	-
5	1	6	1	1	7	296	467	53	97	51.332535	قل
5	1	6	1	1	8	287	496	5	18	85.754074	:
5	1	6	1	1	9	218	479	47	54	21.326767	جاءَ
5	1	6	1	1	10	147	473	58	89	16.840973	َل
4	1	6	1	2	0	149	556	670	113	-1	
5	1	6	1	2	1	622	556	197	100	50.272934	7م
5	1	6	1	2	2	560	568	40	101	60.522232	الله
5	1	6	1	2	3	451	576	97	80	40.872551	وأعجير
5	1	6	1	2	4	365	607	64	43	56.749977	لاد
5	1	6	1	2	5	343	634	4	5	90.981461	.
5	1	6	1	2	6	274	575	57	99	92.580841	فقال
5	1	6	1	2	7	250	621	1	18	92.571541	:
5	1	6	1	2	8	225	621	1	19	42.636185	8
5	1	6	1	2	9	149	592	52	56	37.375641	اعد
4	1	6	1	3	0	148	665	668	48	-1	
5	1	6	1	3	1	791	655	30	66	96.773071	في
5	1	6	1	3	2	710	664	106	49	0.000000	لديا
5	1	6	1	3	3	629	666	62	43	38.270512	يُحتِكٌ
5	1	6	1	3	4	560	655	55	66	74.321365	الله
5	1	6	1	3	5	535	655	14	66	74.247093	؛
5	1	6	1	3	6	450	659	151	52	25.801872	وازْهَد
5	1	6	1	3	7	391	655	40	66	88.698982	فيما
5	1	6	1	3	8	329	655	51	66	75.115356	عِنْدَ
5	1	6	1	3	9	251	655	67	66	28.358231	اناس
5	1	6	1	3	10	144	655	95	66	50.785271	يُحِبِكَ
2	1	7	0	0	0	151	730	665	45	-1	
3	1	7	1	0	0	151	730	665	45	-1	
4	1	7	1	1	0	151	730	665	45	-1	
5	1	7	1	1	1	730	733	86	42	34.614029	النَّاسٌ ‏
5	1	7	1	1	2	706	760	5	5	34.614029	.
5	1	7	1	1	3	613	738	75	34	40.000042	[حديثٌ
5	1	7	1	1	4	556	745	45	26	51.469975	حَسَنٌ
5	1	7	1	1	5	508	744	34	28	63.881428	روَاهُ
5	1	7	1	1	6	472	746	26	27	89.339668	ابن
5	1	7	1	1	7	420	746	42	21	86.321014	ماجه
5	1	7	1	1	8	362	740	47	32	20.199196	غير
5	1	7	1	1	9	291	738	60	31	39.101944	بأسانية
5	1	7	1	1	10	217	747	63	25	26.044693	مع
5	1	7	1	1	11	173	730	32	22	23.924698	!"©
5	1	7	1	1	12	151	760	5	5	69.627426	.
2	1	8	0	0	0	317	798	341	85	-1	
3	1	8	1	0	0	317	798	341	81	-1	
4	1	8	1	1	0	317	798	341	57	-1	
5	1	8	1	1	1	544	804	114	35	41.643482	8
5	1	8	1	1	2	317	798	46	57	55.992577	87
4	1	8	1	2	0	318	821	283	62	-1	
5	1	8	1	2	1	578	821	23	62	16.202255	!ا
5	1	8	1	2	2	507	821	55	62	35.427917	ضدد
5	1	8	1	2	3	453	821	32	62	77.470276	ملا
5	1	8	1	2	4	318	821	109	62	28.772247	ضقاني
2	1	9	0	0	0	147	969	668	93	-1	
3	1	9	1	0	0	147	969	668	93	-1	
4	1	9	1	1	0	147	969	668	59	-1	
5	1	9	1	1	1	755	992	60	32	86.279266	رضي
5	1	9	1	1	2	712	965	48	68	35.001984	الل
5	1	9	1	1	3	644	969	100	55	56.782146	تعالى
5	1	9	1	1	4	602	965	34	68	60.515408	عن
5	1	9	1	1	5	580	965	10	68	69.227531	-
5	1	9	1	1	6	538	965	30	68	51.901405	أن
5	1	9	1	1	7	462	973	172	49	57.342075	رسول
5	1	9	1	1	8	423	965	39	68	3.305626	الل
5	1	9	1	1	9	359	965	48	68	0.000000	بِةٍ
5	1	9	1	1	10	321	965	31	68	93.051849	قال
5	1	9	1	1	11	304	965	9	68	92.519165	:
5	1	9	1	1	12	257	965	31	68	45.099365	لا
5	1	9	1	1	13	193	983	160	40	44.035889	ضَرَرَ
5	1	9	1	1	14	147	985	35	36	87.173012	ولا
4	1	9	1	2	0	166	1040	32	22	-1	
5	1	9	1	2	1	166	1040	32	22	17.485123	زارفا
2	1	10	0	0	0	302	674	3	216	-1	
3	1	10	1	0	0	302	674	3	216	-1	
4	1	10	1	1	0	302	674	3	216	-1	
5	1	10	1	1	1	302	674	3	216	95.000000	 
2	1	11	0	0	0	663	792	3	98	-1	
3	1	11	1	0	0	663	792	3	98	-1	
4	1	11	1	1	0	663	792	3	98	-1	
5	1	11	1	1	1	663	792	3	98	95.000000	 
2	1	12	0	0	0	658	801	1	81	-1	
3	1	12	1	0	0	658	801	1	81	-1	
4	1	12	1	1	0	658	801	1	81	-1	
5	1	12	1	1	1	658	801	1	81	95.000000	 
2	1	13	0	0	0	310	801	2	81	-1	
3	1	13	1	0	0	310	801	2	81	-1	
4	1	13	1	1	0	310	801	2	81	-1	
5	1	13	1	1	1	310	801	2	81	95.000000	 
2	1	14	0	0	0	204	1042	613	49	-1	
3	1	14	1	0	0	204	1042	613	49	-1	
4	1	14	1	1	0	204	1042	613	49	-1	
5	1	14	1	1	1	740	1048	77	37	10.734177	ضِرَارً)
5	1	14	1	1	2	722	1070	5	5	92.230934	.
5	1	14	1	1	3	639	1059	73	23	68.722420	[حديث
5	1	14	1	1	4	588	1056	45	24	54.239639	حَسَنٌ
5	1	14	1	1	5	573	1061	5	21	54.538994	+
5	1	14	1	1	6	536	1054	21	28	0.000000	وا
5	1	14	1	1	7	506	1042	22	49	29.714783	ابن
5	1	14	1	1	8	460	1042	38	49	49.480064	ماجَة
5	1	14	1	1	9	347	1042	104	49	16.578842	والذَّارمُطَنِيُ
5	1	14	1	1	10	276	1042	65	49	69.734268	وغيرهما
5	1	14	1	1	11	204	1042	67	49	15.802498	مُسشْتَدًا]
2	1	15	0	0	0	151	1135	666	144	-1	
3	1	15	1	0	0	151	1135	666	144	-1	
4	1	15	1	1	0	397	1135	419	42	-1	
5	1	15	1	1	1	397	1160	3	4	65.092789	.
5	1	15	1	1	2	417	1144	87	28	19.948769	)1/1١(
5	1	15	1	1	3	702	1135	114	36	91.525391	أخرجه
5	1	15	1	1	4	621	1142	67	35	88.163094	البيهقي
5	1	15	1	1	5	584	1144	22	33	93.191055	في
5	1	15	1	1	6	517	1142	53	27	22.560555	السان‎
5	1	15	1	1	7	780	1131	38	50	79.467751	)١(
4	1	15	1	2	0	387	1185	430	39	-1	
5	1	15	1	2	1	387	1211	4	4	72.601959	.
5	1	15	1	2	2	408	1198	78	25	30.600578	)4097(
5	1	15	1	2	3	701	1185	65	37	79.000977	أخرجه
5	1	15	1	2	4	659	1194	29	29	94.151230	ابن
5	1	15	1	2	5	601	1194	45	22	91.189423	ماجه
5	1	15	1	2	6	564	1195	22	33	92.598396	في
5	1	15	1	2	7	500	1192	49	30	90.125008	الزهد‎
5	1	15	1	2	8	778	1197	39	22	15.423203	)(
4	1	15	1	3	0	151	1233	665	46	-1	
5	1	15	1	3	1	151	1262	4	3	52.509331	.
5	1	15	1	3	2	170	1249	72	25	0.700035	)1374(
5	1	15	1	3	3	717	1229	57	54	87.030197	أخرجه
5	1	15	1	3	4	676	1229	27	54	93.062622	ابن
5	1	15	1	3	5	629	1229	38	54	92.862434	ماجه
5	1	15	1	3	6	599	1229	21	54	92.862434	في
5	1	15	1	3	7	511	1229	75	54	82.604660	الأحكام
5	1	15	1	3	8	430	1249	72	25	34.688370	(3331)
5	1	15	1	3	9	363	1229	54	54	93.232506	ومالك
5	1	15	1	3	10	336	1229	17	54	96.182335	في
5	1	15	1	3	11	251	1229	69	54	87.010681	الأقضية‎
5	1	15	1	3	12	788	1248	28	22	12.524071	»©(
2	1	16	0	0	0	0	176	0	3	-1	
3	1	16	1	0	0	0	176	0	3	-1	
4	1	16	1	1	0	0	176	0	3	-1	
5	1	16	1	1	1	0	176	0	3	95.000000	 
2	1	17	0	0	0	0	185	0	2	-1	
3	1	17	1	0	0	0	185	0	2	-1	
4	1	17	1	1	0	0	185	0	2	-1	
5	1	17	1	1	1	0	185	0	2	95.000000	 
2	1	18	0	0	0	0	294	0	3	-1	
3	1	18	1	0	0	0	294	0	3	-1	
4	1	18	1	1	0	0	294	0	3	-1	
5	1	18	1	1	1	0	294	0	3	95.000000	 
2	1	19	0	0	0	0	303	0	2	-1	
3	1	19	1	0	0	0	303	0	2	-1	
4	1	19	1	1	0	0	303	0	2	-1	
5	1	19	1	1	1	0	303	0	2	95.000000	 
2	1	20	0	0	0	0	383	0	1	-1	
3	1	20	1	0	0	0	383	0	1	-1	
4	1	20	1	1	0	0	383	0	1	-1	
5	1	20	1	1	1	0	383	0	1	95.000000	 
2	1	21	0	0	0	0	390	0	3	-1	
3	1	21	1	0	0	0	390	0	3	-1	
4	1	21	1	1	0	0	390	0	3	-1	
5	1	21	1	1	1	0	390	0	3	95.000000	 
2	1	22	0	0	0	0	792	0	3	-1	
3	1	22	1	0	0	0	792	0	3	-1	
4	1	22	1	1	0	0	792	0	3	-1	
5	1	22	1	1	1	0	792	0	3	95.000000	 
2	1	23	0	0	0	0	801	0	1	-1	
3	1	23	1	0	0	0	801	0	1	-1	
4	1	23	1	1	0	0	801	0	1	-1	
5	1	23	1	1	1	0	801	0	1	95.000000	 
2	1	24	0	0	0	0	880	0	2	-1	
3	1	24	1	0	0	0	880	0	2	-1	
4	1	24	1	1	0	0	880	0	2	-1	
5	1	24	1	1	1	0	880	0	2	95.000000	 
2	1	25	0	0	0	0	887	0	3	-1	
3	1	25	1	0	0	0	887	0	3	-1	
4	1	25	1	1	0	0	887	0	3	-1	
5	1	25	1	1	1	0	887	0	3	95.000000	 
2	1	26	0	0	0	0	1113	0	2	-1	
3	1	26	1	0	0	0	1113	0	2	-1	
4	1	26	1	1	0	0	1113	0	2	-1	
5	1	26	1	1	1	0	1113	0	2	95.000000	 
